Book Name,Author & Category,Latest Chapter
"
最强战神
","
烈焰滔滔|都市|连载
","
最新章节第10章 咎由自取！
10-11 16:01
"
"
神霄之上
","
神出古异|修真|连载
","
最新章节第一百四十九章 神秘女子
10-11 07:51
"
"
仙王奶爸
","
单王张|都市|连载
","
最新章节第一百二十八章 跪下！
10-11 14:36
"
"
九境之主
","
我不是阿祖|玄幻|连载
","
最新章节第一百五十七章 诡异
10-11 11:28
"
"
剑来
","
烽火戏诸侯|仙侠|连载
","
最新章节第九百三十七章   棋高无输
10-11 00:00
"
"
一语破天机
","
未定义公式|都市|连载
","
最新章节第390章  古德哈斯
10-11 07:33
"
"
一剑独尊
","
青鸾峰上|玄幻|连载
","
最新章节第两千四百九十三章：我乃靠山！
10-11 07:21
"
"
万劫之主
","
戏梦师|异世|连载
","
最新章节第398章   火焰领域
10-10 16:38
"
"
驭命图
","
洋辣子|玄幻|连载
","
最新章节第二百七十一章 离界（第二卷完）
10-11 11:30
"
"
踏星
","
随散飘风|星际|连载
","
最新章节第三千一百五十三章   发生了什么？
10-11 10:30
"
"
怪物的美好生活
","
西牛皮|末世|连载
","
最新章节49、马修.冯
10-09 12:51
"
"
剑道第一仙
","
萧瑾瑜|玄幻|连载
","
最新章节第一千三百五十章 尚能战否？
10-11 09:50
"
"
将军好凶猛
","
更俗|架空|连载
","
最新章节第一百五十九章 军侯莫怪
10-11 00:00
"
"
碰瓷之王
","
周子然|异世|连载
","
最新章节210.以命传香火
10-10 19:49
"
"
星海万主
","
姚大胖|末世|连载
","
最新章节第四十四章 大成身法
10-10 20:22
"
"
差一步苟到最后
","
十阶浮屠|都市|连载
","
最新章节1378 银河纠察队
10-11 02:59
"
"
不让江山
","
知白|架空|连载
","
最新章节第一千三百六十六章 风暴眼
10-11 12:19
"
"
医生的那些事儿
","
妙手秀才|商战|连载
","
最新章节第五百一十三章  黎明看出端倪
10-10 20:01
"
"
猎天争锋
","
睡秋|玄幻|连载
","
最新章节第1094章  说服和交易（求月票）
10-10 23:30
"
"
武尊别回头快跑
","
欢喜虫子|变身|连载
","
最新章节第八十六章感谢风清扬歌老板的白银盟主
10-11 14:15
"
